ID,Actual Y,Fitted Values,Type,Forecasted Values,Merged Values
0,3.0187,2.5662021476362047,Fitted,,2.5662021476362047
1,2.7349,2.454027757513474,Fitted,,2.454027757513474
2,3.0292,2.811964367313745,Fitted,,2.811964367313745
3,3.6002,2.5232212346313423,Fitted,,2.5232212346313423
4,3.503,2.737830916453353,Fitted,,2.737830916453353
5,2.4798,2.932284346696765,Fitted,,2.932284346696765
6,2.4132,2.5760210959628917,Fitted,,2.5760210959628917
7,1.9625,1.8592333432205417,Fitted,,1.8592333432205417
8,2.1013,2.06539829906541,Fitted,,2.06539829906541
9,2.1049,2.0808746887814364,Fitted,,2.0808746887814364
10,3.4161,2.4778812627902305,Fitted,,2.4778812627902305
11,3.0193,2.4098063740073368,Fitted,,2.4098063740073368
12,3.6011,3.2523603177901714,Fitted,,3.2523603177901714
13,3.0419,2.8185220386627767,Fitted,,2.8185220386627767
14,3.7592,3.0935616114386013,Fitted,,3.0935616114386013
15,1.0737,2.279342150022439,Fitted,,2.279342150022439
16,2.6309,2.733877581730365,Fitted,,2.733877581730365
17,0.3204,0.9357179871781898,Fitted,,0.9357179871781898
18,3.4162,2.698176007172191,Fitted,,2.698176007172191
19,1.2384,1.2679082126866918,Fitted,,1.2679082126866918
20,2.8057,3.9823760754409854,Fitted,,3.9823760754409854
21,1.7843,1.985721225971219,Fitted,,1.985721225971219
22,2.833,3.257197703773738,Fitted,,3.257197703773738
23,2.4023,2.525127732845024,Fitted,,2.525127732845024
24,3.206,3.401190865808296,Fitted,,3.401190865808296
25,3.6192,2.726598509202041,Fitted,,2.726598509202041
26,3.5711,2.7456507349742996,Fitted,,2.7456507349742996
27,3.1852,2.8913790144434586,Fitted,,2.8913790144434586
28,2.4647,2.8506133537209832,Fitted,,2.8506133537209832
29,1.4129,2.4553741306167622,Fitted,,2.4553741306167622
30,1.514,1.7424258820563372,Fitted,,1.7424258820563372
31,1.848,1.3602855550399777,Fitted,,1.3602855550399777
32,3.0369,2.187922315902639,Fitted,,2.187922315902639
33,3.0647,2.79336061711102,Fitted,,2.79336061711102
34,3.4343,3.4346620893783584,Fitted,,3.4346620893783584
35,3.5419,2.8870336067050686,Fitted,,2.8870336067050686
36,3.8882,2.9509519909219537,Fitted,,2.9509519909219537
37,2.2112,2.988720545494311,Fitted,,2.988720545494311
38,2.0034,3.0183493611889323,Fitted,,3.0183493611889323
39,0.5398,1.38202015189946,Fitted,,1.38202015189946
40,2.2809,1.485107038428053,Fitted,,1.485107038428053
41,1.716,1.2911355801986002,Fitted,,1.2911355801986002
42,3.0545,3.5024530203865853,Fitted,,3.5024530203865853
43,3.0116,2.759638127705601,Fitted,,2.759638127705601
44,3.1378,3.1346017519774287,Fitted,,3.1346017519774287
45,3.4645,2.85287192025083,Fitted,,2.85287192025083
46,4.2009,3.2358442714440825,Fitted,,3.2358442714440825
47,3.2654,3.258204890981338,Fitted,,3.258204890981338
48,2.0879,2.829098389489831,Fitted,,2.829098389489831
49,0.8,1.6520666586011354,Fitted,,1.6520666586011354
50,1.6283,1.3843127054713116,Fitted,,1.3843127054713116
51,1.448,1.5058946680016114,Fitted,,1.5058946680016114
52,3.3165,2.77018447385882,Fitted,,2.77018447385882
53,3.0707,2.3552126686002453,Fitted,,2.3552126686002453
54,3.1981,3.3655022607365144,Fitted,,3.3655022607365144
55,3.2473,3.074484871065175,Fitted,,3.074484871065175
56,4.2514,3.366192412439591,Fitted,,3.366192412439591
57,2.4548,2.9630491018347946,Fitted,,2.9630491018347946
58,2.5823,2.9287776913978933,Fitted,,2.9287776913978933
59,0.4159,1.2911944596779001,Fitted,,1.2911944596779001
60,2.5345,1.9934874943435472,Fitted,,1.9934874943435472
61,1.1139,1.1699495347156978,Fitted,,1.1699495347156978
62,3.1801,3.4156416130450755,Fitted,,3.4156416130450755
63,2.541,1.99344072278069,Fitted,,1.99344072278069
64,3.272,3.32576103938683,Fitted,,3.32576103938683
65,2.6336,2.7939931383231174,Fitted,,2.7939931383231174
66,3.933,3.582264034342665,Fitted,,3.582264034342665
67,2.624,2.704263870256734,Fitted,,2.704263870256734
68,3.7174,2.9332893748828184,Fitted,,2.9332893748828184
69,0.7984,1.685404701011108,Fitted,,1.685404701011108
70,3.23,2.942220123305143,Fitted,,2.942220123305143
71,0.6849,1.0693435033424263,Fitted,,1.0693435033424263
72,3.665,3.2572526450945367,Fitted,,3.2572526450945367
73,0.7552,1.1907598327992492,Fitted,,1.1907598327992492
74,3.2203,3.7743518816051576,Fitted,,3.7743518816051576
75,0.794,1.5654377130331958,Fitted,,1.5654377130331958
76,2.8843,3.7734132822920188,Fitted,,3.7734132822920188
77,0.9857,1.8352104494616137,Fitted,,1.8352104494616137
78,2.2902,3.472874025238057,Fitted,,3.472874025238057
79,2.603,1.9415049281304293,Fitted,,1.9415049281304293
80,2.6746,3.06933118890316,Fitted,,3.06933118890316
81,3.9923,3.298600981255734,Fitted,,3.298600981255734
82,3.5646,2.988640685280676,Fitted,,2.988640685280676
83,4.4208,3.494936412568282,Fitted,,3.494936412568282
84,1.9926,2.511012811288103,Fitted,,2.511012811288103
85,3.2192,3.14209901295619,Fitted,,3.14209901295619
86,1.383,1.2139832935062218,Fitted,,1.2139832935062218
87,2.9822,2.4092006522946146,Fitted,,2.4092006522946146
88,1.0192,1.2366044338782012,Fitted,,1.2366044338782012
89,3.1705,2.9618319212606243,Fitted,,2.9618319212606243
90,1.9682,1.5635609337528775,Fitted,,1.5635609337528775
91,3.0481,3.4043548524672156,Fitted,,3.4043548524672156
92,1.9928,2.4776994911890586,Fitted,,2.4776994911890586
93,3.4144,3.283513221492017,Fitted,,3.283513221492017
94,2.2562,2.1786004251416418,Fitted,,2.1786004251416418
95,3.9546,3.1562756262865608,Fitted,,3.1562756262865608
96,2.1089,2.2668067419831783,Fitted,,2.2668067419831783
97,3.9489,3.4386188310734984,Fitted,,3.4386188310734984
98,0.5423,1.6747820600230336,Fitted,,1.6747820600230336
99,3.9909,3.1839191325871647,Fitted,,3.1839191325871647
100,0.1106,0.7750903745480016,Fitted,,0.7750903745480016
101,3.5105,3.9030889874616865,Fitted,,3.9030889874616865
102,0.2994,0.8632877251422393,Fitted,,0.8632877251422393
103,3.1288,3.763650969753211,Fitted,,3.763650969753211
104,0.0625,1.2600466749696322,Fitted,,1.2600466749696322
105,3.0017,3.951275793331895,Fitted,,3.951275793331895
106,1.4262,1.666709065849398,Fitted,,1.666709065849398
107,3.018,3.853564034431704,Fitted,,3.853564034431704
108,2.839,2.3744704748907637,Fitted,,2.3744704748907637
109,2.6239,3.5125529574018013,Fitted,,3.5125529574018013
110,3.3901,3.1340024771491835,Fitted,,3.1340024771491835
111,3.5736,2.6183188428213593,Fitted,,2.6183188428213593
112,3.8116,3.0239104628871747,Fitted,,3.0239104628871747
113,2.3204,2.7325533338090526,Fitted,,2.7325533338090526
114,2.8127,2.7886418305356466,Fitted,,2.7886418305356466
115,1.6021,1.5252445647891704,Fitted,,1.5252445647891704
116,2.3783,2.2189313765072844,Fitted,,2.2189313765072844
117,1.23,1.7597025070676144,Fitted,,1.7597025070676144
118,3.3903,2.7435937764779457,Fitted,,2.7435937764779457
119,2.4694,1.7725286266559463,Fitted,,1.7725286266559463
120,3.3537,3.481803471973316,Fitted,,3.481803471973316
121,2.6003,2.770006442080928,Fitted,,2.770006442080928
122,3.9518,3.3307701557173335,Fitted,,3.3307701557173335
123,1.3395,2.240551556440795,Fitted,,2.240551556440795
124,3.9486,3.1200851339767817,Fitted,,3.1200851339767817
125,0.2404,1.2642316192493288,Fitted,,1.2642316192493288
126,3.8594,3.5177028444578404,Fitted,,3.5177028444578404
127,0.5734,0.6557951972939673,Fitted,,0.6557951972939673
128,2.7465,3.8761665715452103,Fitted,,3.8761665715452103
129,0.776,1.310366778605907,Fitted,,1.310366778605907
130,2.9032,3.3847107875462243,Fitted,,3.3847107875462243
131,1.1686,1.8940342011705238,Fitted,,1.8940342011705238
132,2.9896,3.661701408686092,Fitted,,3.661701408686092
133,3.2182,2.28335456233154,Fitted,,2.28335456233154
134,3.0506,3.4077779423610837,Fitted,,3.4077779423610837
135,3.6239,3.248838648751815,Fitted,,3.248838648751815
136,3.9155,2.840195880148001,Fitted,,2.840195880148001
137,3.4577,2.958997459142494,Fitted,,2.958997459142494
138,1.9967,2.6848101930809505,Fitted,,2.6848101930809505
139,1.4099,2.341392650319111,Fitted,,2.341392650319111
140,1.4671,1.3835793857512568,Fitted,,1.3835793857512568
141,2.0023,1.4451826105279837,Fitted,,1.4451826105279837
142,2.9404,2.1972745592543697,Fitted,,2.1972745592543697
143,3.1232,2.9194913728413434,Fitted,,2.9194913728413434
144,3.2112,3.2700807538027745,Fitted,,3.2700807538027745
145,3.4467,2.925829561135848,Fitted,,2.925829561135848
146,3.9235,2.9481382389115036,Fitted,,2.9481382389115036
147,2.8024,3.0656001034631584,Fitted,,3.0656001034631584
148,2.1067,2.9934922636842134,Fitted,,2.9934922636842134
149,0.9091,1.6710379999536769,Fitted,,1.6710379999536769
150,1.8374,1.40672857230116,Fitted,,1.40672857230116
151,1.7277,1.4417419005597578,Fitted,,1.4417419005597578
152,3.3389,3.0031684641607814,Fitted,,3.0031684641607814
153,3.1538,2.712904367226712,Fitted,,2.712904367226712
154,3.274,3.2966875895087617,Fitted,,3.2966875895087617
155,3.3108,2.8515784355890044,Fitted,,2.8515784355890044
156,4.097,3.18862261975404,Fitted,,3.18862261975404
157,2.2019,3.024187557881692,Fitted,,3.024187557881692
158,2.1676,2.894898043180032,Fitted,,2.894898043180032
159,0.4618,1.09714354925872,Fitted,,1.09714354925872
160,2.5473,1.7277986864978359,Fitted,,1.7277986864978359
161,1.4459,1.4456282214675042,Fitted,,1.4456282214675042
162,3.0534,3.6626221542170136,Fitted,,3.6626221542170136
163,2.8848,2.2683168016226136,Fitted,,2.2683168016226136
164,3.1435,3.041178519074442,Fitted,,3.041178519074442
165,3.0529,2.9717585394433597,Fitted,,2.9717585394433597
166,4.22,3.4999049017533626,Fitted,,3.4999049017533626
167,3.1651,2.948279336281851,Fitted,,2.948279336281851
168,2.7885,2.7835293101260112,Fitted,,2.7835293101260112
169,0.705,1.729717163593315,Fitted,,1.729717163593315
170,2.1182,2.13904293534544,Fitted,,2.13904293534544
171,0.9727,1.2588354313793717,Fitted,,1.2588354313793717
172,3.4727,2.7481378779467094,Fitted,,2.7481378779467094
173,2.7598,1.7717584134409436,Fitted,,1.7717584134409436
174,3.3236,3.68730888686421,Fitted,,3.68730888686421
175,2.6571,2.973151283309258,Fitted,,2.973151283309258
176,3.9622,3.3633397809856183,Fitted,,3.3633397809856183
177,1.7837,2.459451551476689,Fitted,,2.459451551476689
178,3.7035,3.0798375109489275,Fitted,,3.0798375109489275
179,0.4834,1.3493508732901673,Fitted,,1.3493508732901673
180,3.5987,3.0822954002010645,Fitted,,3.0822954002010645
181,0.8697,0.835092652037738,Fitted,,0.835092652037738
182,3.1023,3.7506303814603594,Fitted,,3.7506303814603594
183,0.7595,1.5218016901194868,Fitted,,1.5218016901194868
184,3.0618,3.390664269465787,Fitted,,3.390664269465787
185,0.7999,1.6091950429464643,Fitted,,1.6091950429464643
186,2.883,3.749382859113137,Fitted,,3.749382859113137
187,2.5335,2.0646405395325553,Fitted,,2.0646405395325553
188,2.7061,3.432694351115173,Fitted,,3.432694351115173
189,3.2399,2.7898424081350606,Fitted,,2.7898424081350606
190,3.5213,2.8660286795461976,Fitted,,2.8660286795461976
191,3.9446,3.184492577790673,Fitted,,3.184492577790673
192,2.7181,2.883770959053114,Fitted,,2.883770959053114
193,3.2154,2.89739333240782,Fitted,,2.89739333240782
194,1.5614,1.6817932432718814,Fitted,,1.6817932432718814
195,2.0941,2.3354813879313774,Fitted,,2.3354813879313774
196,1.0244,1.5305972551190568,Fitted,,1.5305972551190568
197,3.3323,2.4279851029389654,Fitted,,2.4279851029389654
198,2.3448,1.659373687452285,Fitted,,1.659373687452285
199,3.2608,3.562734473902188,Fitted,,3.562734473902188
200,2.8285,2.7524237917887913,Fitted,,2.7524237917887913
201,3.6757,3.290349582171067,Fitted,,3.290349582171067
202,1.686,2.5186071552149,Fitted,,2.5186071552149
203,3.9464,3.049051638047772,Fitted,,3.049051638047772
204,1.0107,1.554650985348759,Fitted,,1.554650985348759
205,3.7282,3.3038988493343826,Fitted,,3.3038988493343826
206,0.5139,1.0411091674389967,Fitted,,1.0411091674389967
207,3.4275,3.569767730343871,Fitted,,3.569767730343871
208,0.9718,1.1006551970366567,Fitted,,1.1006551970366567
209,2.9321,3.685186079877247,Fitted,,3.685186079877247
210,0.2713,1.74785973432394,Fitted,,1.74785973432394
211,3.0112,3.446330465073333,Fitted,,3.446330465073333
212,1.7235,1.4632024026508492,Fitted,,1.4632024026508492
213,2.7804,3.773412014096558,Fitted,,3.773412014096558
214,3.1222,2.7019230624475066,Fitted,,2.7019230624475066
215,2.746,3.220483654815868,Fitted,,3.220483654815868
216,3.6027,3.0207693688259147,Fitted,,3.0207693688259147
217,3.4173,2.540940877612708,Fitted,,2.540940877612708
218,4.0182,3.2761461456376963,Fitted,,3.2761461456376963
219,1.9883,2.5850965905933903,Fitted,,2.5850965905933903
220,2.7417,2.7112869453216133,Fitted,,2.7112869453216133
221,1.3252,1.141924308872189,Fitted,,1.141924308872189
222,2.8219,2.342997612795816,Fitted,,2.342997612795816
223,1.1265,1.7628300303496467,Fitted,,1.7628300303496467
224,3.3631,3.1259634904349602,Fitted,,3.1259634904349602
225,2.2126,1.5540047484832915,Fitted,,1.5540047484832915
226,3.2426,3.416854229700483,Fitted,,3.416854229700483
227,2.013,2.7207934532921043,Fitted,,2.7207934532921043
228,3.6939,3.4968368275688126,Fitted,,3.4968368275688126
229,1.5488,1.9588864031538298,Fitted,,1.9588864031538298
230,4.1068,3.035496107895678,Fitted,,3.035496107895678
231,0.9112,1.6524105888866907,Fitted,,1.6524105888866907
232,3.9171,3.8771429592162803,Fitted,,3.8771429592162803
233,0.4069,1.0973972033812305,Fitted,,1.0973972033812305
234,3.2979,3.5048154939311633,Fitted,,3.5048154939311633
235,0.1644,0.9317213940939302,Fitted,,0.9317213940939302
236,2.848,3.806675573973793,Fitted,,3.806675573973793
237,2.848,1.423331723923936,Fitted,,1.423331723923936
238,3.1208,3.471854791294466,Fitted,,3.471854791294466
239,2.1021,3.16129264337637,Fitted,,3.16129264337637
240,2.9622,3.1846976110863845,Fitted,,3.1846976110863845
241,3.2209,2.2986269400706485,Fitted,,2.2986269400706485
242,2.7412,2.7368565830245877,Fitted,,2.7368565830245877
243,3.434,3.0120283245496724,Fitted,,3.0120283245496724
244,3.0032,2.388931606457134,Fitted,,2.388931606457134
245,3.7458,2.536422999991812,Fitted,,2.536422999991812
246,1.9915,2.1564731466246103,Fitted,,2.1564731466246103
247,3.1503,3.124843958901513,Fitted,,3.124843958901513
248,1.435,1.6786077477390422,Fitted,,1.6786077477390422
249,3.2552,2.467256853085743,Fitted,,2.467256853085743
250,1.0895,1.3335565584966356,Fitted,,1.3335565584966356
251,3.6008,3.3747598671298613,Fitted,,3.3747598671298613
252,1.4489,1.7611994308697017,Fitted,,1.7611994308697017
253,3.3601,3.570933085930143,Fitted,,3.570933085930143
254,0.7756,1.693456928739231,Fitted,,1.693456928739231
255,3.1468,3.498946701188041,Fitted,,3.498946701188041
256,0.502,1.6112702385411308,Fitted,,1.6112702385411308
257,2.8875,3.560030019927149,Fitted,,3.560030019927149
258,1.445,1.4531159450347322,Fitted,,1.4531159450347322
259,2.6074,3.4932096266054926,Fitted,,3.4932096266054926
260,2.3961,2.3897840385225737,Fitted,,2.3897840385225737
261,2.6069,3.3289175278642107,Fitted,,3.3289175278642107
262,3.7738,2.9019797365046474,Fitted,,2.9019797365046474
263,3.6165,2.7083775782306865,Fitted,,2.7083775782306865
264,4.2373,3.4370466637105572,Fitted,,3.4370466637105572
265,2.3415,2.83270950837427,Fitted,,2.83270950837427
266,2.8777,2.9820300492031087,Fitted,,2.9820300492031087
267,1.4701,1.2932132736092579,Fitted,,1.2932132736092579
268,2.4034,2.1629532884238474,Fitted,,2.1629532884238474
269,0.9099,1.6028328190946999,Fitted,,1.6028328190946999
270,3.141,2.7095644104198113,Fitted,,2.7095644104198113
271,2.3337,1.5381972084228182,Fitted,,1.5381972084228182
272,3.1189,3.431654612982363,Fitted,,3.431654612982363
273,2.8817,2.9127987042914993,Fitted,,2.9127987042914993
274,3.596,3.382872088975714,Fitted,,3.382872088975714
275,2.3835,2.5747921774316165,Fitted,,2.5747921774316165
276,3.6583,2.816412948409518,Fitted,,2.816412948409518
277,1.7198,2.0469245268758582,Fitted,,2.0469245268758582
278,3.2176,3.0859901779816337,Fitted,,3.0859901779816337
279,0.7153,1.4600755973666373,Fitted,,1.4600755973666373
280,3.7994,2.8301000890686185,Fitted,,2.8301000890686185
281,1.0055,1.1299770217546852,Fitted,,1.1299770217546852
282,3.3752,3.9566137313295413,Fitted,,3.9566137313295413
283,0.639,1.6734799783641023,Fitted,,1.6734799783641023
284,2.9719,3.4904798548318814,Fitted,,3.4904798548318814
285,0.1554,1.3098513903027846,Fitted,,1.3098513903027846
286,2.3623,3.6645563218908044,Fitted,,3.6645563218908044
287,1.9068,1.72880398819799,Fitted,,1.72880398819799
288,2.5963,3.374160917682142,Fitted,,3.374160917682142
289,3.7353,2.729244780656034,Fitted,,2.729244780656034
290,2.6936,3.207211413795247,Fitted,,3.207211413795247
291,4.257,3.878487628535919,Fitted,,3.878487628535919
292,2.6031,2.419322713744303,Fitted,,2.419322713744303
293,4.1672,3.3329728809984513,Fitted,,3.3329728809984513
294,1.2176,1.6888914388282814,Fitted,,1.6888914388282814
295,4.0706,3.107684516671112,Fitted,,3.107684516671112
296,1.5538,0.849796469533515,Fitted,,0.849796469533515
297,3.6674,3.294169506449789,Fitted,,3.294169506449789
298,1.5647,1.376393826143301,Fitted,,1.376393826143301
299,3.2203,3.291014963120978,Fitted,,3.291014963120978
300,1.0347,1.587249810432822,Fitted,,1.587249810432822
301,3.1232,3.104486710150544,Fitted,,3.104486710150544
302,0.7951,1.6490657723537,Fitted,,1.6490657723537
303,3.1582,3.407694713466877,Fitted,,3.407694713466877
304,1.5432,1.5811946826815473,Fitted,,1.5811946826815473
305,2.9562,3.55257484173329,Fitted,,3.55257484173329
306,1.8785,2.2615246702962106,Fitted,,2.2615246702962106
307,2.898,3.386632426976668,Fitted,,3.386632426976668
308,2.6582,2.340102325434139,Fitted,,2.340102325434139
309,3.6152,2.9904291008451738,Fitted,,2.9904291008451738
310,3.4445,2.7347396562405373,Fitted,,2.7347396562405373
311,3.7329,3.1924871884784567,Fitted,,3.1924871884784567
312,2.0257,2.666940810419587,Fitted,,2.666940810419587
313,2.4579,2.623012384562327,Fitted,,2.623012384562327
314,0.482,1.4710739652101865,Fitted,,1.4710739652101865
315,2.735,2.316047432812149,Fitted,,2.316047432812149
316,1.3374,1.2307833548645604,Fitted,,1.2307833548645604
317,3.0899,3.308588296503387,Fitted,,3.308588296503387
318,2.5085,2.1265163668431057,Fitted,,2.1265163668431057
319,2.9774,3.5340291692834516,Fitted,,3.5340291692834516
320,2.6954,2.8925281081257577,Fitted,,2.8925281081257577
321,3.966,3.1167905000826948,Fitted,,3.1167905000826948
322,3.2496,2.594198252014517,Fitted,,2.594198252014517
323,3.5646,3.1148316733874593,Fitted,,3.1148316733874593
324,1.3082,2.342881791665318,Fitted,,2.342881791665318
325,2.5827,2.5882023233306293,Fitted,,2.5882023233306293
326,0.7592,1.050917146475778,Fitted,,1.050917146475778
327,3.5367,2.6125858134144537,Fitted,,2.6125858134144537
328,1.4731,1.538922806113093,Fitted,,1.538922806113093
329,3.2671,3.797317120521181,Fitted,,3.797317120521181
330,1.8972,1.872919724123435,Fitted,,1.872919724123435
331,3.1099,3.3933614521937856,Fitted,,3.3933614521937856
332,1.1562,2.397063139934157,Fitted,,2.397063139934157
333,3.6486,3.3832878993446003,Fitted,,3.3832878993446003
334,2.123,1.6006849611386973,Fitted,,1.6006849611386973
335,3.578,3.3467911025523547,Fitted,,3.3467911025523547
336,1.2241,2.225163232558474,Fitted,,2.225163232558474
337,3.7196,3.5274796193448714,Fitted,,3.5274796193448714
338,0.328,1.426160804720973,Fitted,,1.426160804720973
339,3.8308,3.4023031458713078,Fitted,,3.4023031458713078
340,3.8308,1.0357141991785972,Fitted,,1.0357141991785972
341,3.0365,3.9528510517411415,Fitted,,3.9528510517411415
342,3.0365,3.318812256943519,Fitted,,3.318812256943519
343,2.5107,2.2939555526817665,Fitted,,2.2939555526817665
344,0.5092,2.2264599865963763,Fitted,,2.2264599865963763
345,2.5669,2.134274117982839,Fitted,,2.134274117982839
346,3.1037,1.4659333718605487,Fitted,,1.4659333718605487
347,2.6805,2.9977785421302823,Fitted,,2.9977785421302823
348,3.5497,2.8852660521759566,Fitted,,2.8852660521759566
349,3.6494,2.6271100978074315,Fitted,,2.6271100978074315
350,3.7848,3.265123446042306,Fitted,,3.265123446042306
351,1.7699,3.018694328359093,Fitted,,3.018694328359093
352,3.1406,2.8829777227454567,Fitted,,2.8829777227454567
353,0.935,0.9523313777785867,Fitted,,0.9523313777785867
354,2.933,2.3567135598969084,Fitted,,2.3567135598969084
355,0.8772,1.4508526998978526,Fitted,,1.4508526998978526
356,3.2297,3.555277521311526,Fitted,,3.555277521311526
357,2.0402,1.5087562546043916,Fitted,,1.5087562546043916
358,3.0508,3.2866735576708623,Fitted,,3.2866735576708623
359,2.1207,2.5936746115983205,Fitted,,2.5936746115983205
360,3.3594,3.5671504490689196,Fitted,,3.5671504490689196
361,2.4836,2.3763110259129236,Fitted,,2.3763110259129236
362,3.9509,2.8456235573015816,Fitted,,2.8456235573015816
363,2.3791,2.201863993369951,Fitted,,2.201863993369951
364,3.7491,3.458652351433896,Fitted,,3.458652351433896
365,0.6907,1.9925297864225102,Fitted,,1.9925297864225102
366,3.6288,2.8864939163738437,Fitted,,2.8864939163738437
367,0.2076,0.6550015787732697,Fitted,,0.6550015787732697
368,3.6223,3.6072883025093097,Fitted,,3.6072883025093097
369,0.3817,1.180258067248927,Fitted,,1.180258067248927
370,3.1699,3.9467229753872646,Fitted,,3.9467229753872646
371,0.3517,1.1540771427898282,Fitted,,1.1540771427898282
372,2.7585,3.789306247052005,Fitted,,3.789306247052005
373,1.1102,1.8812968207351737,Fitted,,1.8812968207351737
374,2.4888,3.7891561812105636,Fitted,,3.7891561812105636
375,2.9732,2.1656732223843465,Fitted,,2.1656732223843465
376,2.5746,3.0992848189998203,Fitted,,3.0992848189998203
377,3.9313,3.4742650416230187,Fitted,,3.4742650416230187
378,3.5761,2.8858044888895824,Fitted,,2.8858044888895824
379,4.1536,3.468589142463226,Fitted,,3.468589142463226
380,1.7432,2.4377572418765907,Fitted,,2.4377572418765907
381,3.2237,2.871896262177578,Fitted,,2.871896262177578
382,1.2033,1.1265532459442558,Fitted,,1.1265532459442558
383,3.0964,2.632478601905593,Fitted,,2.632478601905593
384,0.7752,1.3120927591933187,Fitted,,1.3120927591933187
385,3.227,3.123090794880827,Fitted,,3.123090794880827
386,1.8752,1.3478528779213221,Fitted,,1.3478528779213221
387,3.2009,3.5696976239413583,Fitted,,3.5696976239413583
388,1.7937,2.5764139327376157,Fitted,,2.5764139327376157
389,3.2235,3.4524798445604445,Fitted,,3.4524798445604445
390,1.9108,1.9413938164184845,Fitted,,1.9413938164184845
391,3.8037,3.036449108073609,Fitted,,3.036449108073609
392,2.2477,2.2622234279301905,Fitted,,2.2622234279301905
393,3.9194,3.631839610182044,Fitted,,3.631839610182044
394,0.8103,1.8886398248817677,Fitted,,1.8886398248817677
395,3.9426,3.0855433279522337,Fitted,,3.0855433279522337
396,3.9426,0.9722067856167729,Fitted,,0.9722067856167729
397,3.7257,3.7671390530303683,Fitted,,3.7671390530303683
398,3.7257,3.220153428054523,Fitted,,3.220153428054523
399,3.0091,2.3593853948354178,Fitted,,2.3593853948354178
400,0.0721,2.0313931945754793,Fitted,,2.0313931945754793
401,2.9504,2.010031161522062,Fitted,,2.010031161522062
402,1.0564,0.8878407067947585,Fitted,,0.8878407067947585
403,2.9521,3.2572821098060083,Fitted,,3.2572821098060083
404,2.8804,1.3778295175726263,Fitted,,1.3778295175726263
405,2.7338,3.2232719592686543,Fitted,,3.2232719592686543
406,3.4175,3.2453090589114257,Fitted,,3.2453090589114257
407,3.7351,3.113051257295198,Fitted,,3.113051257295198
408,3.8061,3.1536777849621096,Fitted,,3.1536777849621096
409,2.2909,2.5228923527531872,Fitted,,2.5228923527531872
410,2.535,2.5432662439109563,Fitted,,2.5432662439109563
411,1.5162,1.6655037919050164,Fitted,,1.6655037919050164
412,2.1563,2.2449567904275693,Fitted,,2.2449567904275693
413,1.5026,1.6960939336692236,Fitted,,1.6960939336692236
414,3.313,2.4693873425294823,Fitted,,2.4693873425294823
415,2.7246,2.085449226680157,Fitted,,2.085449226680157
416,3.3617,3.627052321078817,Fitted,,3.627052321078817
417,3.1391,2.997537131751869,Fitted,,2.997537131751869
418,4.1576,3.0821570022337488,Fitted,,3.0821570022337488
419,1.6555,2.4030123875889506,Fitted,,2.4030123875889506
420,3.0469,3.117121903193502,Fitted,,3.117121903193502
421,0.136,1.3518168203172871,Fitted,,1.3518168203172871
422,3.316,2.649811251779008,Fitted,,2.649811251779008
423,0.6123,0.6530403652043391,Fitted,,0.6530403652043391
424,2.7193,3.792633474474285,Fitted,,3.792633474474285
425,1.4234,1.7397034105329436,Fitted,,1.7397034105329436
426,3.1391,3.4340047110040666,Fitted,,3.4340047110040666
427,2.2442,2.268670354811924,Fitted,,2.268670354811924
428,2.534,3.729197999113977,Fitted,,3.729197999113977
429,3.3656,2.883846374909333,Fitted,,2.883846374909333
430,3.4849,2.5840572179322012,Fitted,,2.5840572179322012
431,3.9125,2.95353863622089,Fitted,,2.95353863622089
432,2.9437,2.923004666656274,Fitted,,2.923004666656274
433,3.1829,3.112117019107953,Fitted,,3.112117019107953
434,1.9525,1.8513737820521463,Fitted,,1.8513737820521463
435,1.8481,2.0966092092040083,Fitted,,2.0966092092040083
436,0.9971,1.679110256727918,Fitted,,1.679110256727918
437,2.8685,2.2080860707471204,Fitted,,2.2080860707471204
438,2.4942,1.728862543019856,Fitted,,1.728862543019856
439,3.1684,3.2361789506527274,Fitted,,3.2361789506527274
440,3.4319,2.9214310020923495,Fitted,,2.9214310020923495
441,3.7025,3.2895335775586068,Fitted,,3.2895335775586068
442,2.6542,3.0008759099114126,Fitted,,3.0008759099114126
443,2.9954,2.88029990339477,Fitted,,2.88029990339477
444,1.4401,2.0105266062378133,Fitted,,2.0105266062378133
445,2.2318,2.300670310745528,Fitted,,2.300670310745528
446,1.0609,1.4012404511716008,Fitted,,1.4012404511716008
447,3.4723,2.580037382727142,Fitted,,2.580037382727142
448,2.4057,1.8776136820173628,Fitted,,1.8776136820173628
449,3.3145,3.7580614754203894,Fitted,,3.7580614754203894
450,2.5234,2.608324070896998,Fitted,,2.608324070896998
451,3.7917,3.1518247619838426,Fitted,,3.1518247619838426
452,1.3101,2.3373248134819393,Fitted,,2.3373248134819393
453,4.1372,3.3187529825079403,Fitted,,3.3187529825079403
454,0.5824,1.326733715649716,Fitted,,1.326733715649716
455,3.8692,3.4479300128936883,Fitted,,3.4479300128936883
456,0.6168,0.7590247936417938,Fitted,,0.7590247936417938
457,2.9061,3.913217222514517,Fitted,,3.913217222514517
458,0.8396,1.3493497504859362,Fitted,,1.3493497504859362
459,2.81,3.3116675323775047,Fitted,,3.3116675323775047
460,0.8894,1.7102038100791237,Fitted,,1.7102038100791237
461,3.1081,3.526285812686673,Fitted,,3.526285812686673
462,3.1285,2.1674164673934166,Fitted,,2.1674164673934166
463,3.0473,3.6344286277228512,Fitted,,3.6344286277228512
464,3.553,3.1922023555548504,Fitted,,3.1922023555548504
465,3.886,2.792579533422632,Fitted,,2.792579533422632
466,3.2052,2.9248201244427654,Fitted,,2.9248201244427654
467,1.9856,2.8314472605177397,Fitted,,2.8314472605177397
468,1.5568,2.306875800908109,Fitted,,2.306875800908109
469,1.6419,1.3806699338493025,Fitted,,1.3806699338493025
470,2.0517,1.510611447688515,Fitted,,1.510611447688515
471,3.0742,2.3554520182910648,Fitted,,2.3554520182910648
472,3.1925,2.9603737283070712,Fitted,,2.9603737283070712
473,3.2719,3.2537348546073535,Fitted,,3.2537348546073535
474,3.4703,2.822146637526317,Fitted,,2.822146637526317
475,3.8145,2.9012652445945513,Fitted,,2.9012652445945513
476,2.3388,3.0352906456769,Fitted,,3.0352906456769
477,1.8243,2.8960935065475844,Fitted,,2.8960935065475844
478,0.8264,1.3925026728757433,Fitted,,1.3925026728757433
479,2.1772,1.3965505817436379,Fitted,,1.3965505817436379
480,2.0371,1.6282619149903903,Fitted,,1.6282619149903903
481,3.2476,3.3977752176385003,Fitted,,3.3977752176385003
482,3.222,2.8505425856991513,Fitted,,2.8505425856991513
483,3.3151,3.0568679258300295,Fitted,,3.0568679258300295
484,3.3189,2.8749722641043496,Fitted,,2.8749722641043496
485,3.9132,3.259401377047314,Fitted,,3.259401377047314
486,2.3624,2.9811460625977495,Fitted,,2.9811460625977495
487,1.9186,2.573171255014357,Fitted,,2.573171255014357
488,0.7276,1.1734186862209741,Fitted,,1.1734186862209741
489,2.3367,1.714508548107459,Fitted,,1.714508548107459
490,1.8585,1.801078529502869,Fitted,,1.801078529502869
491,3.2516,3.361137188914915,Fitted,,3.361137188914915
492,3.2144,2.4084329773714055,Fitted,,2.4084329773714055
493,3.2446,3.1010368626129443,Fitted,,3.1010368626129443
494,3.0693,3.1572481717789103,Fitted,,3.1572481717789103
495,4.0332,3.333245982305018,Fitted,,3.333245982305018
496,2.4863,2.6453766148198556,Fitted,,2.6453766148198556
497,2.2939,2.5780709501973638,Fitted,,2.5780709501973638
498,0.6561,1.4400849708842884,Fitted,,1.4400849708842884
499,2.5478,2.123237383701139,Fitted,,2.123237383701139
500,1.5112,1.486087338199836,Fitted,,1.486087338199836
501,3.3518,3.196994652626096,Fitted,,3.196994652626096
502,2.9621,2.129106534067592,Fitted,,2.129106534067592
503,3.2263,3.4281158757295,Fitted,,3.4281158757295
504,2.4819,3.0214742855014576,Fitted,,3.0214742855014576
505,4.1895,3.224380882583772,Fitted,,3.224380882583772
506,2.1969,2.269419982294438,Fitted,,2.269419982294438
507,3.452,3.091955932232637,Fitted,,3.091955932232637
508,0.3748,1.5181209701500757,Fitted,,1.5181209701500757
509,3.4839,2.8964076370742773,Fitted,,2.8964076370742773
510,1.0855,0.7771366896110474,Fitted,,0.7771366896110474
511,3.2482,3.638927574916202,Fitted,,3.638927574916202
512,0.7728,1.7088348471629233,Fitted,,1.7088348471629233
513,3.2707,3.446702868941397,Fitted,,3.446702868941397
514,0.7403,1.482451586944408,Fitted,,1.482451586944408
515,2.8313,3.8375833416937843,Fitted,,3.8375833416937843
516,1.9561,2.009126554825679,Fitted,,2.009126554825679
517,2.5497,3.3937500936383236,Fitted,,3.3937500936383236
518,2.6717,2.3318033197749672,Fitted,,2.3318033197749672
519,3.0703,2.941500104608607,Fitted,,2.941500104608607
520,3.9365,3.1579270636917727,Fitted,,3.1579270636917727
521,3.4458,2.9983034983384944,Fitted,,2.9983034983384944
522,4.1255,3.1493097922334146,Fitted,,3.1493097922334146
523,1.913,2.2694254012198942,Fitted,,2.2694254012198942
524,2.053,2.8445116871720115,Fitted,,2.8445116871720115
525,1.312,1.3511929368512259,Fitted,,1.3511929368512259
526,2.8479,1.9131003485362121,Fitted,,1.9131003485362121
527,1.7128,1.6142641498810426,Fitted,,1.6142641498810426
528,3.1646,3.1441183764291036,Fitted,,3.1441183764291036
529,2.7936,2.3034330071476345,Fitted,,2.3034330071476345
530,3.1362,3.298719515051668,Fitted,,3.298719515051668
531,2.529,2.8276809154669977,Fitted,,2.8276809154669977
532,4.2453,3.0436491466262496,Fitted,,3.0436491466262496
533,2.3065,2.2568354125289023,Fitted,,2.2568354125289023
534,3.455,3.224180375171992,Fitted,,3.224180375171992
535,0.4813,1.6878590247667287,Fitted,,1.6878590247667287
536,3.4928,2.8529396011170784,Fitted,,2.8529396011170784
537,0.9311,0.7311646275956802,Fitted,,0.7311646275956802
538,3.3904,3.5711242754930375,Fitted,,3.5711242754930375
539,0.7512,1.621543182841285,Fitted,,1.621543182841285
540,3.3519,3.588855776398943,Fitted,,3.588855776398943
541,0.617,1.4108581438424115,Fitted,,1.4108581438424115
542,2.76,3.843339106205524,Fitted,,3.843339106205524
543,1.4318,1.8968767771558208,Fitted,,1.8968767771558208
544,2.4754,3.4405350494934304,Fitted,,3.4405350494934304
545,2.5931,2.0993356386986455,Fitted,,2.0993356386986455
546,2.6601,3.0623202859314897,Fitted,,3.0623202859314897
547,3.9741,3.263717509130285,Fitted,,3.263717509130285
548,3.4876,2.906300195824161,Fitted,,2.906300195824161
549,4.3526,3.4039313326770673,Fitted,,3.4039313326770673
550,1.9106,2.431226403851995,Fitted,,2.431226403851995
551,3.0665,3.085074442494478,Fitted,,3.085074442494478
552,1.4926,1.2086448437910133,Fitted,,1.2086448437910133
553,3.148,2.4187337086890004,Fitted,,2.4187337086890004
554,0.9624,1.4086999677078813,Fitted,,1.4086999677078813
555,3.233,3.0577600612663263,Fitted,,3.0577600612663263
556,1.8765,1.4466836812553914,Fitted,,1.4466836812553914
557,3.0868,3.425747920322615,Fitted,,3.425747920322615
558,1.6134,2.436040064988456,Fitted,,2.436040064988456
559,3.2892,3.3708514180169193,Fitted,,3.3708514180169193
560,1.8728,1.8944504341840216,Fitted,,1.8944504341840216
561,3.7511,3.1537841727649796,Fitted,,3.1537841727649796
562,2.205,2.2250364856198734,Fitted,,2.2250364856198734
563,3.856,3.615026256779889,Fitted,,3.615026256779889
564,0.7839,1.9343587546614516,Fitted,,1.9343587546614516
565,4.0161,3.1412347158873697,Fitted,,3.1412347158873697
566,4.0161,1.000519424093866,Fitted,,1.000519424093866
567,3.7051,3.7792976098845568,Fitted,,3.7792976098845568
568,3.7051,3.240577096550216,Fitted,,3.240577096550216
569,2.9252,2.3674234686338975,Fitted,,2.3674234686338975
570,0.0259,2.0420960823893584,Fitted,,2.0420960823893584
571,2.8772,1.9365383129803635,Fitted,,1.9365383129803635
572,1.2691,0.85502516219941,Fitted,,0.85502516219941
573,3.0202,3.2372021653721466,Fitted,,3.2372021653721466
574,3.0038,1.5805002602613438,Fitted,,1.5805002602613438
575,2.7707,3.2379694502329746,Fitted,,3.2379694502329746
576,3.4259,3.2365009597163286,Fitted,,3.2365009597163286
577,3.7532,3.027864159989058,Fitted,,3.027864159989058
578,3.7324,3.1214561717815172,Fitted,,3.1214561717815172
579,2.1574,2.5302263963410363,Fitted,,2.5302263963410363
580,2.2585,2.440050785598691,Fitted,,2.440050785598691
581,1.5523,1.5567267067284372,Fitted,,1.5567267067284372
582,2.2042,2.138477296505819,Fitted,,2.138477296505819
583,1.8923,1.9053191061543724,Fitted,,1.9053191061543724
584,3.3222,2.5859576487527027,Fitted,,2.5859576487527027
585,2.8965,2.3016919169771906,Fitted,,2.3016919169771906
586,3.4492,3.4568825980288347,Fitted,,3.4568825980288347
587,3.198,3.0362652835916677,Fitted,,3.0362652835916677
588,4.1275,3.095157199127981,Fitted,,3.095157199127981
589,1.4921,2.3399296474551456,Fitted,,2.3399296474551456
590,2.6416,2.9239017696385274,Fitted,,2.9239017696385274
591,0.2489,1.158406354956341,Fitted,,1.158406354956341
592,3.2513,2.5151755155977247,Fitted,,2.5151755155977247
593,0.9183,0.9824537593350648,Fitted,,0.9824537593350648
594,2.7562,3.7988917054270344,Fitted,,3.7988917054270344
595,1.8622,1.8876242034236488,Fitted,,1.8876242034236488
596,3.1,3.3410986476691154,Fitted,,3.3410986476691154
597,2.5407,2.579932248670608,Fitted,,2.579932248670608
598,2.9926,3.595928953222323,Fitted,,3.595928953222323
599,3.4768,2.8302071055302114,Fitted,,2.8302071055302114
600,,,Forecasted,2.562217224531752,2.562217224531752
601,,,Forecasted,2.826533727510605,2.826533727510605
602,,,Forecasted,2.289293727645323,2.289293727645323
603,,,Forecasted,2.6337091966374224,2.6337091966374224
604,,,Forecasted,1.994350325298753,1.994350325298753
605,,,Forecasted,2.4066714866540164,2.4066714866540164
606,,,Forecasted,2.195921451589114,2.195921451589114
607,,,Forecasted,2.7463537678296044,2.7463537678296044
608,,,Forecasted,2.5803693148505356,2.5803693148505356
609,,,Forecasted,2.8809698944453195,2.8809698944453195
610,3.7053,,Forecasted,2.612206858667858,2.612206858667858
611,2.1092,,Forecasted,2.807290301007683,2.807290301007683
612,1.8984,,Forecasted,2.580538186449175,2.580538186449175
613,0.6625,,Forecasted,2.653957644617791,2.653957644617791
614,2.4852,,Forecasted,2.381344219923629,2.381344219923629
615,2.017,,Forecasted,2.4589527284875965,2.4589527284875965
616,3.127,,Forecasted,2.382109930447336,2.382109930447336
617,3.1441,,Forecasted,2.567167358309597,2.567167358309597
618,3.2663,,Forecasted,2.5243848642482325,2.5243848642482325
619,3.1749,,Forecasted,2.6269148477027544,2.6269148477027544
620,3.9628,,Forecasted,2.580574417909102,2.580574417909102
621,2.7576,,Forecasted,2.6827983833672606,2.6827983833672606
622,2.2189,,Forecasted,2.632028697730805,2.632028697730805
623,0.8359,,Forecasted,2.636481750589622,2.636481750589622
624,2.1997,,Forecasted,2.5249368597898387,2.5249368597898387
625,1.6056,,Forecasted,2.530440648364329,2.530440648364329
626,3.4007,,Forecasted,2.5012756139313432,2.5012756139313432
627,3.1765,,Forecasted,2.548228014953173,2.548228014953173
628,3.2635,,Forecasted,2.523014304994539,2.523014304994539
629,2.8487,,Forecasted,2.552217288240379,2.552217288240379
630,4.0996,,Forecasted,2.55584095833163,2.55584095833163
631,2.0119,,Forecasted,2.6103694864631217,2.6103694864631217
632,2.7456,,Forecasted,2.606758857156907,2.606758857156907
633,0.3784,,Forecasted,2.6045889632921893,2.6045889632921893
634,3.1443,,Forecasted,2.564811185086632,2.564811185086632
635,1.2146,,Forecasted,2.5652430485751196,2.5652430485751196
636,3.0228,,Forecasted,2.5549436970496826,2.5549436970496826
637,1.9032,,Forecasted,2.559904874894613,2.559904874894613
638,3.1439,,Forecasted,2.5400405752591584,2.5400405752591584
639,1.9393,,Forecasted,2.5444945446356995,2.5444945446356995
640,,,Forecasted,2.552524676006566,2.552524676006566
641,,,Forecasted,2.5785802190857856,2.5785802190857856
642,,,Forecasted,2.5814737091409348,2.5814737091409348
643,,,Forecasted,2.580306503916427,2.580306503916427
644,,,Forecasted,2.569712551889359,2.569712551889359
645,,,Forecasted,2.5737917934321994,2.5737917934321994
646,,,Forecasted,2.5715647427403394,2.5715647427403394
647,,,Forecasted,2.567595555711825,2.567595555711825
648,,,Forecasted,2.5543699921245455,2.5543699921245455
649,,,Forecasted,2.5530711810482165,2.5530711810482165
650,2.9352,,Forecasted,2.5578911094462087,2.5578911094462087
651,0.5931,,Forecasted,2.568236333864246,2.568236333864246
652,2.6333,,Forecasted,2.568933547271734,2.568933547271734
653,2.4715,,Forecasted,2.5681886084181507,2.5681886084181507
654,2.5656,,Forecasted,2.5674391633886664,2.5674391633886664
655,3.5025,,Forecasted,2.57245492103279,2.57245492103279
656,3.3159,,Forecasted,2.5728915368959853,2.5728915368959853
657,4.2625,,Forecasted,2.5690752400464896,2.5690752400464896
658,2.4503,,Forecasted,2.561956792722341,2.561956792722341
659,3.9476,,Forecasted,2.5608454803753418,2.5608454803753418
660,1.3543,,Forecasted,2.5631769457691473,2.5631769457691473
661,2.9737,,Forecasted,2.5661745523844326,2.5661745523844326
662,1.312,,Forecasted,2.5649904525416103,2.5649904525416103
663,3.5012,,Forecasted,2.5643099096762083,2.5643099096762083
664,1.6515,,Forecasted,2.5658209245110837,2.5658209245110837
665,3.1788,,Forecasted,2.5696145453135513,2.5696145453135513
666,1.3368,,Forecasted,2.5703013153642886,2.5703013153642886
667,3.2443,,Forecasted,2.5680048940991775,2.5680048940991775
668,1.1892,,Forecasted,2.5649402372759904,2.5649402372759904
669,3.4381,,Forecasted,2.5648855987062507,2.5648855987062507
670,1.6647,,Forecasted,2.5660004662830245,2.5660004662830245
671,3.2917,,Forecasted,2.5662243444391555,2.5662243444391555
672,1.1429,,Forecasted,2.5646293940341796,2.5646293940341796
673,3.3917,,Forecasted,2.5641195946049873,2.5641195946049873
674,1.0487,,Forecasted,2.565543569518963,2.565543569518963
675,3.401,,Forecasted,2.5677153401186947,2.5677153401186947
676,1.1949,,Forecasted,2.567978769400109,2.567978769400109
677,3.0622,,Forecasted,2.5667859574922143,2.5667859574922143
678,0.8201,,Forecasted,2.56583069307639,2.56583069307639
679,2.9028,,Forecasted,2.566340986980267,2.566340986980267
680,1.5904,,Forecasted,2.5668940433761303,2.5668940433761303
681,2.7671,,Forecasted,2.566390882590816,2.566390882590816
682,2.8284,,Forecasted,2.565165132739822,2.565165132739822
683,2.992,,Forecasted,2.5649131371761342,2.5649131371761342
684,3.5841,,Forecasted,2.565827096181563,2.565827096181563
685,3.6711,,Forecasted,2.566805508449845,2.566805508449845
686,3.8427,,Forecasted,2.5667105880853183,2.5667105880853183
687,2.1596,,Forecasted,2.5661259091349993,2.5661259091349993
688,1.8535,,Forecasted,2.5660401985413457,2.5660401985413457
689,1.2899,,Forecasted,2.5666201235284425,2.5666201235284425
690,2.1625,,Forecasted,2.566877367787138,2.566877367787138
691,2.1242,,Forecasted,2.566369423539907,2.566369423539907
692,3.194,,Forecasted,2.565657668419495,2.565657668419495
693,3.1063,,Forecasted,2.5656197344678526,2.5656197344678526
694,3.3367,,Forecasted,2.5661249135318687,2.5661249135318687
695,3.5008,,Forecasted,2.5664431491847735,2.5664431491847735
696,3.9348,,Forecasted,2.5662085406405715,2.5662085406405715
697,2.1622,,Forecasted,2.565936765533378,2.565936765533378
698,1.838,,Forecasted,2.5661055277220313,2.5661055277220313
699,0.6934,,Forecasted,2.566531954295483,2.566531954295483
700,,,Forecasted,2.5666181068244716,2.5666181068244716
701,,,Forecasted,2.5662710105248188,2.5662710105248188
702,,,Forecasted,2.5659451300808978,2.5659451300808978
703,,,Forecasted,2.5660208148869006,2.5660208148869006
704,,,Forecasted,2.5662757228500164,2.5662757228500164
705,,,Forecasted,2.5663062737207314,2.5663062737207314
706,,,Forecasted,2.566082986191974,2.566082986191974
707,,,Forecasted,2.565972513552365,2.565972513552365
708,,,Forecasted,2.5661549048386765,2.5661549048386765
709,,,Forecasted,2.56639920196478,2.56639920196478
710,1.854,,Forecasted,2.5663943147935053,2.5663943147935053
711,1.5887,,Forecasted,2.566193431107625,2.566193431107625
712,3.351,,Forecasted,2.5660860868784146,2.5660860868784146
713,3.1594,,Forecasted,2.5661904647085185,2.5661904647085185
714,3.2146,,Forecasted,2.5663069906723917,2.5663069906723917
715,3.2059,,Forecasted,2.566247363592658,2.566247363592658
716,4.2033,,Forecasted,2.5660925454568,2.5660925454568
717,2.3635,,Forecasted,2.566063546902825,2.566063546902825
718,2.3625,,Forecasted,2.566194040658634,2.566194040658634
719,0.4384,,Forecasted,2.5663054553702587,2.5663054553702587
720,2.5676,,Forecasted,2.5662645486899125,2.5662645486899125
721,1.2909,,Forecasted,2.566160993067862,2.566160993067862
722,3.1438,,Forecasted,2.5661515779782333,2.5661515779782333
723,2.7526,,Forecasted,2.566239161110001,2.566239161110001
724,3.2125,,Forecasted,2.566283571978992,2.566283571978992
725,2.7485,,Forecasted,2.5662166930109183,2.5662166930109183
726,4.1374,,Forecasted,2.5661302606124314,2.5661302606124314
727,2.8172,,Forecasted,2.5661378453172836,2.5661378453172836
728,3.35,,Forecasted,2.566215682341662,2.566215682341662
729,0.6209,,Forecasted,2.566251944608927,2.566251944608927
730,2.8569,,Forecasted,2.5662072907426747,2.5662072907426747
731,0.8277,,Forecasted,2.5661602756514714,2.5661602756514714
732,3.5806,,Forecasted,2.5661825769232993,2.5661825769232993
733,1.4354,,Forecasted,2.5662401237699224,2.5662401237699224
734,3.3399,,Forecasted,2.566249780883309,2.566249780883309
735,1.4255,,Forecasted,2.5662006357845897,2.5662006357845897
736,3.0382,,Forecasted,2.5661618657615626,2.5661618657615626
737,1.23,,Forecasted,2.566181045817124,2.566181045817124
738,3.2081,,Forecasted,2.5662216947542666,2.5662216947542666
739,2.099,,Forecasted,2.5662240261137983,2.5662240261137983
740,3.2911,,Forecasted,2.5661895795516587,2.5661895795516587
741,2.1985,,Forecasted,2.566172381347193,2.566172381347193
742,3.6279,,Forecasted,2.566197437704811,2.566197437704811
743,1.7467,,Forecasted,2.5662286322016197,2.5662286322016197
744,3.9267,,Forecasted,2.5662240157087406,2.5662240157087406
745,0.9474,,Forecasted,2.566194202698222,2.566194202698222
746,3.9736,,Forecasted,2.5661819795092833,2.5661819795092833
747,0.2464,,Forecasted,2.566200517874276,2.566200517874276
748,3.5072,,Forecasted,2.5662188633179768,2.5662188633179768
749,0.2459,,Forecasted,2.5662101522187846,2.5662101522187846
750,2.8003,,Forecasted,2.566188496932653,2.566188496932653
751,,,Forecasted,2.5661853482740793,2.5661853482740793
752,2.8754,,Forecasted,2.5662039493170425,2.5662039493170425
753,1.7332,,Forecasted,2.5662176085573702,2.5662176085573702
754,2.9611,,Forecasted,2.566209219045186,2.566209219045186
755,3.3742,,Forecasted,2.5661935610879367,2.5661935610879367
756,2.6327,,Forecasted,2.5661932440009485,2.5661932440009485
757,3.7444,,Forecasted,2.5662067511668742,2.5662067511668742
758,3.2277,,Forecasted,2.5662132434920344,2.5662132434920344
759,,,Forecasted,2.5662036931676866,2.5662036931676866
760,,,Forecasted,2.566192290427523,2.566192290427523
761,,,Forecasted,2.5661945960224064,2.5661945960224064
762,,,Forecasted,2.5662059550152114,2.5662059550152114
763,,,Forecasted,2.5662100581477167,2.5662100581477167
764,,,Forecasted,2.566202523171381,2.566202523171381
765,,,Forecasted,2.566195511149813,2.566195511149813
766,,,Forecasted,2.566199004582043,2.566199004582043
767,,,Forecasted,2.5662072012606076,2.5662072012606076
768,,,Forecasted,2.5662081891422672,2.5662081891422672
769,3.1284,,Forecasted,2.5662011129725957,2.5662011129725957
770,1.157,,Forecasted,2.5661962597359684,2.5661962597359684
771,3.2572,,Forecasted,2.5661997911827545,2.5661997911827545
772,1.9678,,Forecasted,2.5662057559097544,2.5662057559097544
773,3.0735,,Forecasted,2.566205641521665,2.566205641521665
774,1.8159,,Forecasted,2.5662003694838234,2.5662003694838234
775,3.4985,,Forecasted,2.566197965705712,2.566197965705712
776,2.1386,,Forecasted,2.566201649795591,2.566201649795591
777,3.8898,,Forecasted,2.5662058502377914,2.5662058502377914
778,1.7604,,Forecasted,2.5662047889416866,2.5662047889416866
779,3.9299,,Forecasted,2.566200471333872,2.566200471333872
780,0.4294,,Forecasted,2.566199102709704,2.566199102709704
781,4.0571,,Forecasted,2.5662021205286525,2.5662021205286525
782,,,Forecasted,2.566204764068189,2.566204764068189
783,3.2922,,Forecasted,2.5662033450052006,2.5662033450052006
784,0.1241,,Forecasted,2.5662002357862472,2.5662002357862472
785,2.9743,,Forecasted,2.5661999455034303,2.5661999455034303
786,,,Forecasted,2.5662026483885514,2.5662026483885514
787,2.9392,,Forecasted,2.5662043819187277,2.5662043819187277
788,2.1078,,Forecasted,2.5662029288866846,2.5662029288866846
789,3.0858,,Forecasted,2.5662006723421857,2.5662006723421857
790,3.1983,,Forecasted,2.566200808022476,2.566200808022476
791,2.7066,,Forecasted,2.5662028562007855,2.5662028562007855
792,3.4918,,Forecasted,2.566203732166956,2.566203732166956
793,2.9542,,Forecasted,2.5662023002985306,2.5662023002985306
794,3.6719,,Forecasted,2.566200746384705,2.566200746384705
795,1.801,,Forecasted,2.5662012148757243,2.5662012148757243
796,3.258,,Forecasted,2.5662028542340454,2.5662028542340454
797,1.5251,,Forecasted,2.5662033064089376,2.5662033064089376
798,3.469,,Forecasted,2.56620211014405,2.56620211014405
799,1.0738,,Forecasted,2.5662011231372035,2.5662011231372035
800,3.6157,,Forecasted,2.566201702009253,2.566201702009253
801,1.2335,,Forecasted,2.5662028815798945,2.5662028815798945
802,3.3904,,Forecasted,2.566202957179875,2.566202957179875
803,0.4358,,Forecasted,2.566201921825036,2.566201921825036
804,3.0281,,Forecasted,2.5662013009765814,2.5662013009765814
805,0.3086,,Forecasted,2.5662018903701846,2.5662018903701846
806,2.6701,,Forecasted,2.5662027401947016,2.5662027401947016
807,1.5741,,Forecasted,2.5662026533580584,2.5662026533580584
808,2.4464,,Forecasted,2.5662018609672557,2.5662018609672557
809,3.1465,,Forecasted,2.5662015461584806,2.5662015461584806
810,,,Forecasted,2.5662021049859858,2.5662021049859858
811,,,Forecasted,2.566202680923915,2.566202680923915
812,,,Forecasted,2.5662024791533216,2.5662024791533216
813,,,Forecasted,2.566201857074182,2.566201857074182
814,,,Forecasted,2.566201709782329,2.566201709782329
815,,,Forecasted,2.5662021805202775,2.5662021805202775
816,,,Forecasted,2.5662025463846794,2.5662025463846794
817,,,Forecasted,2.5662023103834346,2.5662023103834346
818,,,Forecasted,2.5662018633021804,2.5662018633021804
819,,,Forecasted,2.566201848595752,2.566201848595752
820,1.5763,,Forecasted,2.5662022458727245,2.5662022458727245
821,3.2104,,Forecasted,2.5662024683324205,2.5662024683324205
822,1.2128,,Forecasted,2.5662022314885475,2.5662022314885475
823,2.9838,,Forecasted,2.566201912456857,2.566201912456857
824,1.7139,,Forecasted,2.5662019587812184,2.5662019587812184
825,3.2837,,Forecasted,2.566202264238193,2.566202264238193
826,2.6549,,Forecasted,2.566202375918178,2.566202375918178
827,3.4487,,Forecasted,2.56620215741854,2.56620215741854
828,2.231,,Forecasted,2.5662019438934105,2.5662019438934105
829,3.7259,,Forecasted,2.5662020293949963,2.5662020293949963
830,1.4416,,Forecasted,2.566202265335729,2.566202265335729
831,3.6451,,Forecasted,2.56620231232084,2.56620231232084
832,0.3954,,Forecasted,2.5662021280673724,2.5662021280673724
833,3.8369,,Forecasted,2.5662019932212528,2.5662019932212528
834,0.6201,,Forecasted,2.5662020891541237,2.5662020891541237
835,2.9859,,Forecasted,2.566202258354605,2.566202258354605
836,0.2643,,Forecasted,2.5662022583444486,2.5662022583444486
837,2.722,,Forecasted,2.566202105783333,2.566202105783333
838,0.5702,,Forecasted,2.566202026177434,2.566202026177434
839,2.5184,,Forecasted,2.566202120734224,2.566202120734224
840,3.0343,,Forecasted,2.5662022402105467,2.5662022402105467
841,2.6945,,Forecasted,2.566202217600912,2.566202217600912
842,4.0652,,Forecasted,2.5662021002093924,2.5662021002093924
843,3.6678,,Forecasted,2.5662020610997427,2.5662020610997427
844,4.1759,,Forecasted,2.5662021465612903,2.5662021465612903
845,1.6813,,Forecasted,2.5662022256626926,2.5662022256626926
846,3.1683,,Forecasted,2.5662021898527017,2.5662021898527017
847,1.3824,,Forecasted,2.5662021004167475,2.5662021004167475
848,3.0276,,Forecasted,2.5662020858927606,2.5662020858927606
849,0.9575,,Forecasted,2.566202157724294,2.566202157724294
850,3.1331,,Forecasted,2.5662022071843777,2.5662022071843777
851,2.0519,,Forecasted,2.566202168341568,2.566202168341568
852,3.1392,,Forecasted,2.5662021044182888,2.5662021044182888
853,2.1833,,Forecasted,2.5662021066327667,2.5662021066327667
854,3.454,,Forecasted,2.5662021652251674,2.5662021652251674
855,2.2097,,Forecasted,2.5662021936304926,2.5662021936304926
856,3.9009,,Forecasted,2.566202156060146,2.566202156060146
857,1.8771,,Forecasted,2.5662021114082516,2.5662021114082516
858,3.9055,,Forecasted,2.5662021218773226,2.5662021218773226
859,0.5284,,Forecasted,2.566202166875523,2.566202166875523
860,3.9952,,Forecasted,2.5662021803838,2.5662021803838
861,0.2625,,Forecasted,2.566202146976983,2.566202146976983
862,3.3783,,Forecasted,2.566202117717317,2.566202117717317
863,0.264,,Forecasted,2.5662021325790896,2.5662021325790896
864,3.0288,,Forecasted,2.5662021664564247,2.5662021664564247
865,,,Forecasted,2.5662021707293743,2.5662021707293743
866,2.9171,,Forecasted,2.5662021428127915,2.5662021428127915
867,1.8383,,Forecasted,2.566202124750853,2.566202124750853
868,2.9987,,Forecasted,2.5662021404121487,2.5662021404121487
869,3.1765,,Forecasted,2.566202164517543,2.566202164517543
870,,,Forecasted,2.5662021628114906,2.5662021628114906
871,,,Forecasted,2.566202140317329,2.566202140317329
872,,,Forecasted,2.5662021302244122,2.5662021302244122
873,,,Forecasted,2.566202145096625,2.566202145096625
874,,,Forecasted,2.5662021617529645,2.5662021617529645
875,,,Forecasted,2.566202157070695,2.566202157070695
876,,,Forecasted,2.5662021398608506,2.5662021398608506
877,,,Forecasted,2.5662021352676665,2.5662021352676665
878,,,Forecasted,2.566202148311538,2.566202148311538
879,,,Forecasted,2.566202159113125,2.566202159113125
880,1.4771,,Forecasted,2.566202152991431,2.566202152991431
881,3.3021,,Forecasted,2.566202140170381,2.566202140170381
882,0.8601,,Forecasted,2.5662021390162972,2.5662021390162972
883,3.0839,,Forecasted,2.566202149838408,2.566202149838408
884,0.7751,,Forecasted,2.566202156406385,2.566202156406385
885,2.9877,,Forecasted,2.566202150117753,2.566202150117753
886,1.862,,Forecasted,2.566202141044701,2.566202141044701
887,2.6703,,Forecasted,2.5662021420284846,2.5662021420284846
888,2.4318,,Forecasted,2.566202150657853,2.566202150657853
889,3.0799,,Forecasted,2.5662021542241655,2.5662021542241655
890,3.6103,,Forecasted,2.566202148355125,2.566202148355125
891,3.732,,Forecasted,2.5662021421533576,2.5662021421533576
892,3.8747,,Forecasted,2.56620214419679,2.56620214419679
893,2.5211,,Forecasted,2.56620215076572,2.56620215076572
894,1.5601,,Forecasted,2.566202152298362,2.566202152298362
895,1.2981,,Forecasted,2.566202147212629,2.566202147212629
896,1.5835,,Forecasted,2.5662021432345075,2.5662021432345075
897,2.371,,Forecasted,2.566202145739917,2.566202145739917
898,3.0088,,Forecasted,2.566202150587094,2.566202150587094
899,3.1338,,Forecasted,2.5662021508477753,2.5662021508477753
900,3.2589,,Forecasted,2.5662021466614515,2.5662021466614515
901,3.9916,,Forecasted,2.5662021442833844,2.5662021442833844
902,3.7424,,Forecasted,2.566202146798744,2.566202146798744
903,2.8198,,Forecasted,2.56620215020733,2.56620215020733
904,1.136,,Forecasted,2.56620214970412,2.56620214970412
905,1.1851,,Forecasted,2.5662021463968703,2.5662021463968703
906,1.273,,Forecasted,2.5662021451454504,2.5662021451454504
907,2.7982,,Forecasted,2.5662021474553893,2.5662021474553893
908,3.138,,Forecasted,2.5662021497601604,2.5662021497601604
909,3.0757,,Forecasted,2.566202148884466,2.566202148884466
910,3.3665,,Forecasted,2.5662021463816527,2.5662021463816527
911,3.8661,,Forecasted,2.5662021458823863,2.5662021458823863
912,3.4634,,Forecasted,2.5662021478621364,2.5662021478621364
913,2.393,,Forecasted,2.566202149323336,2.566202149323336
914,1.403,,Forecasted,2.566202148303722,2.566202148303722
915,1.4525,,Forecasted,2.5662021464733185,2.5662021464733185
916,1.7218,,Forecasted,2.56620214644184,2.56620214644184
917,2.9217,,Forecasted,2.566202148058193,2.566202148058193
918,3.2149,,Forecasted,2.566202148915292,2.566202148915292
919,3.224,,Forecasted,2.566202147912791,2.566202147912791
920,,,Forecasted,2.566202146634659,2.566202146634659
921,,,Forecasted,2.566202146875522,2.566202146875522
922,,,Forecasted,2.5662021481416164,2.5662021481416164
923,,,Forecasted,2.566202148577006,2.566202148577006
924,,,Forecasted,2.566202147670031,2.566202147670031
925,,,Forecasted,2.5662021468152094,2.5662021468152094
926,,,Forecasted,2.5662021471852317,2.5662021471852317
927,,,Forecasted,2.5662021481372244,2.5662021481372244
928,,,Forecasted,2.56620214829465,2.56620214829465
929,,,Forecasted,2.566202147525254,2.566202147525254
930,3.4921,,Forecasted,2.5662021469901197,2.5662021469901197
931,3.9318,,Forecasted,2.566202147402987,2.566202147402987
932,2.2406,,Forecasted,2.5662021480933026,2.5662021480933026
933,1.7582,,Forecasted,2.5662021480795416,2.5662021480795416
934,0.6608,,Forecasted,2.566202147456531,2.566202147456531
935,2.2604,,Forecasted,2.566202147149153,2.566202147149153
936,1.9483,,Forecasted,2.566202147547385,2.566202147547385
937,3.1281,,Forecasted,2.566202148025742,2.566202148025742
938,3.1772,,Forecasted,2.56620214791524,2.56620214791524
939,3.2054,,Forecasted,2.566202147431143,2.566202147431143
940,3.4222,,Forecasted,2.566202147281244,2.566202147281244
941,4.0592,,Forecasted,2.5662021476365764,2.5662021476365764
942,2.9443,,Forecasted,2.5662021479529527,2.5662021479529527
943,1.8894,,Forecasted,2.5662021477983483,2.5662021477983483
944,0.8383,,Forecasted,2.5662021474368166,2.5662021474368166
945,1.7966,,Forecasted,2.5662021473894883,2.5662021473894883
946,1.789,,Forecasted,2.5662021476880037,2.5662021476880037
947,3.3366,,Forecasted,2.5662021478833554,2.5662021478833554
948,3.1992,,Forecasted,2.5662021477169303,2.5662021477169303
949,,,Forecasted,2.5662021474569445,2.5662021474569445
950,,,Forecasted,2.566202147471972,2.566202147471972
951,,,Forecasted,2.5662021477117225,2.5662021477117225
952,,,Forecasted,2.5662021478213446,2.5662021478213446
953,,,Forecasted,2.566202147663631,2.566202147663631
954,,,Forecasted,2.5662021474849444,2.5662021474849444
955,,,Forecasted,2.5662021475341636,2.5662021475341636
956,,,Forecasted,2.5662021477190216,2.5662021477190216
957,,,Forecasted,2.5662021477699617,2.5662021477699617
958,,,Forecasted,2.5662021476310373,2.5662021476310373
959,3.1774,,Forecasted,2.566202147514209,2.566202147514209
960,2.9456,,Forecasted,2.5662021475782146,2.5662021475782146
961,4.2312,,Forecasted,2.566202147715299,2.566202147715299
962,2.8366,,Forecasted,2.5662021477284664,2.5662021477284664
963,2.845,,Forecasted,2.5662021476128363,2.5662021476128363
964,0.5706,,Forecasted,2.566202147541774,2.566202147541774
965,2.5213,,Forecasted,2.5662021476085846,2.5662021476085846
966,1.0205,,Forecasted,2.566202147706356,2.566202147706356
967,3.4804,,Forecasted,2.5662021476969135,2.5662021476969135
968,2.3978,,Forecasted,2.566202147604792,2.566202147604792
969,3.3433,,Forecasted,2.566202147565943,2.566202147565943
970,,,Forecasted,2.5662021476282284,2.5662021476282284
971,,,Forecasted,2.566202147694844,2.566202147694844
972,,,Forecasted,2.566202147673394,2.566202147673394
973,,,Forecasted,2.566202147602898,2.566202147602898
974,,,Forecasted,2.566202147585871,2.566202147585871
975,,,Forecasted,2.5662021476400803,2.5662021476400803
976,,,Forecasted,2.5662021476831165,2.5662021476831165
977,,,Forecasted,2.566202147656822,2.566202147656822
978,,,Forecasted,2.5662021476049217,2.5662021476049217
979,,,Forecasted,2.5662021476017713,2.5662021476017713
980,0.1375,,Forecasted,2.566202147646488,2.566202147646488
981,3.2346,,Forecasted,2.5662021476722385,2.5662021476722385
982,2.211,,Forecasted,2.566202147645518,2.566202147645518
983,2.9603,,Forecasted,2.566202147608806,2.566202147608806
984,2.8407,,Forecasted,2.5662021476138155,2.5662021476138155
985,2.9251,,Forecasted,2.56620214764916,2.56620214764916
986,3.1051,,Forecasted,2.5662021476628274,2.5662021476628274
987,3.2836,,Forecasted,2.5662021476382932,2.5662021476382932
988,3.6014,,Forecasted,2.5662021476135086,2.5662021476135086
989,2.5465,,Forecasted,2.566202147622701,2.566202147622701
990,,,Forecasted,2.5662021476495482,2.5662021476495482
991,,,Forecasted,2.566202147655118,2.566202147655118
992,,,Forecasted,2.5662021476340042,2.5662021476340042
993,,,Forecasted,2.566202147618193,2.566202147618193
994,,,Forecasted,2.5662021476289243,2.5662021476289243
995,,,Forecasted,2.5662021476485437,2.5662021476485437
996,,,Forecasted,2.5662021476490295,2.5662021476490295
997,,,Forecasted,2.566202147631764,2.566202147631764
998,,,Forecasted,2.5662021476224726,2.5662021476224726
999,,,Forecasted,2.5662021476331227,2.5662021476331227
